PADD,State,Refiner,Location,Data_As_Of,CDU_Operating_bpcd,CDU_Operating_bpsd,Vacuum_Distillation_bpsd,Delayed_Coking_bpsd,Fluid_Coking_bpsd,FCC_Fresh_Feed_bpsd,Hydrocracking_Total_bpsd,Catalytic_Reforming_Total_bpsd,Source,HT_Naphtha_ReformerFeed_bpsd,HT_Gasoline_bpsd,HT_Kerosene_Jet_bpsd,HT_Diesel_bpsd,HT_Other_Distillate_bpsd,HT_Residual_bpsd,HT_Heavy_Gas_Oil_bpsd,HT_Other_bpsd,Hydrotreating_Total_bpsd,Alkylation_Production_Capacity_bpsd,Hydrogen_Onsite_RefineryOperated_MMcfd,Sulfur_Recovery_Capacity_short_tpd,Estimated_Nelson_Style_Complexity_Index,Estimated_Gasoline_Production_Capacity_bpd,Estimated_Diesel_Production_Capacity_bpd,Estimated_Jet_Production_Capacity_bpd,Estimate_Methodology,EIA_Table3_Source,EIA_Table4_Source,FCC_to_CDU_pct,FCC_Conversion_Severity,Coking_to_CDU_pct,Coking_Intensity,Hydrogen_Intensity_scf_per_bbl_CDU,Hydrogen_Intensity,Sulfur_Processing_lb_per_bbl_CDU,Sulfur_Processing_Intensity,Gasoline_to_Distillate_Est_Ratio,Product_Orientation,Inferred_Crude_Slate_Capability,Refinery_Conversion_Ranking,Classification_Basis
PADD 3 - Gulf Coast,Alabama,Goodway Refining LLC,Atmore,2026-01-01,4100,5000,0,0,0,0,0,0,https://www.eia.gov/petroleum/refinerycapacity/table3.pdf,0,0,0,0,0,0,0,0,0,0,0,0,1.0,697,820,226,Screening estimate from EIA unit capacities; not refinery-reported product capacity,https://www.eia.gov/petroleum/refinerycapacity/table3.pdf,https://www.eia.gov/petroleum/refinerycapacity/table4.pdf,0.0,None/Very Low,0.0,None/Very Low,0.0,Very Low,0.0,Very Low,0.67,Distillate-oriented,Primarily light/sweet or specialty feed,Simple,"Derived screening metrics from Jan-1-2026 EIA unit capacities. FCC severity is capacity intensity, not operating severity/conversion. Crude-slate capability and product orientation are inferred, not refinery-reported."
PADD 3 - Gulf Coast,Alabama,Hunt Refining Co,Tuscaloosa,2026-01-01,50000,52500,25000,40000,0,0,22500,19000,https://www.eia.gov/petroleum/refinerycapacity/table3.pdf,23500,0,3500,0,28500,0,10500,0,66000,0,45,205,14.04,23000,17875,6125,Screening estimate from EIA unit capacities; not refinery-reported product capacity,https://www.eia.gov/petroleum/refinerycapacity/table3.pdf,https://www.eia.gov/petroleum/refinerycapacity/table4.pdf,0.0,None/Very Low,80.0,High,0.9,Very Low,8.2,Medium,0.96,Balanced,Heavy sour / high-resid capable,Deep conversion,"Derived screening metrics from Jan-1-2026 EIA unit capacities. FCC severity is capacity intensity, not operating severity/conversion. Crude-slate capability and product orientation are inferred, not refinery-reported."
PADD 3 - Gulf Coast,Alabama,Vertex Refining Alabama LLC,Saraland,2026-01-01,88000,91200,29000,0,0,0,30000,22000,https://www.eia.gov/petroleum/refinerycapacity/table3.pdf,26700,0,18000,17000,0,0,0,0,61700,0,0,33,6.36,32460,31840,15340,Screening estimate from EIA unit capacities; not refinery-reported product capacity,https://www.eia.gov/petroleum/refinerycapacity/table3.pdf,https://www.eia.gov/petroleum/refinerycapacity/table4.pdf,0.0,None/Very Low,0.0,None/Very Low,0.0,Very Low,0.75,Very Low,0.69,Distillate-oriented,Light-to-medium / moderate sour capable,Medium conversion,"Derived screening metrics from Jan-1-2026 EIA unit capacities. FCC severity is capacity intensity, not operating severity/conversion. Crude-slate capability and product orientation are inferred, not refinery-reported."
PADD 3 - Gulf Coast,Arkansas,Cross Oil Refining & Marketing Inc,Smackover,2026-01-01,7500,7700,3850,0,0,0,0,0,https://www.eia.gov/petroleum/refinerycapacity/table3.pdf,0,0,0,0,0,0,0,6000,6000,0,3,0,3.63,1275,1500,412,Screening estimate from EIA unit capacities; not refinery-reported product capacity,https://www.eia.gov/petroleum/refinerycapacity/table3.pdf,https://www.eia.gov/petroleum/refinerycapacity/table4.pdf,0.0,None/Very Low,0.0,None/Very Low,0.4,Very Low,0.0,Very Low,0.67,Distillate-oriented,Light-to-medium / moderate sour capable,Medium conversion,"Derived screening metrics from Jan-1-2026 EIA unit capacities. FCC severity is capacity intensity, not operating severity/conversion. Crude-slate capability and product orientation are inferred, not refinery-reported."
PADD 3 - Gulf Coast,Arkansas,Lion Oil Co,El Dorado,2026-01-01,83000,85000,45000,0,0,21000,0,15300,https://www.eia.gov/petroleum/refinerycapacity/table3.pdf,20000,8750,0,35000,0,0,21000,8000,92750,5000,10,90,7.36,37275,25560,4565,Screening estimate from EIA unit capacities; not refinery-reported product capacity,https://www.eia.gov/petroleum/refinerycapacity/table3.pdf,https://www.eia.gov/petroleum/refinerycapacity/table4.pdf,25.3,Medium,0.0,None/Very Low,0.1,Very Low,2.17,Low,1.24,Balanced,Light-to-medium / moderate sour capable,Medium conversion,"Derived screening metrics from Jan-1-2026 EIA unit capacities. FCC severity is capacity intensity, not operating severity/conversion. Crude-slate capability and product orientation are inferred, not refinery-reported."
PADD 3 - Gulf Coast,Louisiana,Alon Refining Krotz Springs Inc,Krotz Springs,2026-01-01,80000,83000,36200,0,0,34000,0,13000,https://www.eia.gov/petroleum/refinerycapacity/table3.pdf,14000,18000,0,0,0,0,0,0,32000,6000,0,0,6.82,42850,18040,4400,Screening estimate from EIA unit capacities; not refinery-reported product capacity,https://www.eia.gov/petroleum/refinerycapacity/table3.pdf,https://www.eia.gov/petroleum/refinerycapacity/table4.pdf,42.5,High,0.0,None/Very Low,0.0,Very Low,0.0,Very Low,1.91,Gasoline-oriented,Medium-heavy sour capable,High conversion,"Derived screening metrics from Jan-1-2026 EIA unit capacities. FCC severity is capacity intensity, not operating severity/conversion. Crude-slate capability and product orientation are inferred, not refinery-reported."
PADD 3 - Gulf Coast,Louisiana,Calcasieu Refining Co,Lake Charles,2026-01-01,135500,137000,36000,0,0,0,0,0,https://www.eia.gov/petroleum/refinerycapacity/table3.pdf,0,0,0,0,0,0,0,0,0,0,0,0,1.53,23035,27100,7452,Screening estimate from EIA unit capacities; not refinery-reported product capacity,https://www.eia.gov/petroleum/refinerycapacity/table3.pdf,https://www.eia.gov/petroleum/refinerycapacity/table4.pdf,0.0,None/Very Low,0.0,None/Very Low,0.0,Very Low,0.0,Very Low,0.67,Distillate-oriented,Primarily light/sweet or specialty feed,Medium conversion,"Derived screening metrics from Jan-1-2026 EIA unit capacities. FCC severity is capacity intensity, not operating severity/conversion. Crude-slate capability and product orientation are inferred, not refinery-reported."
PADD 3 - Gulf Coast,Louisiana,Calumet Cotton Valley Refining LLC,Cotton Valley,2026-01-01,13020,14000,0,0,0,0,0,0,https://www.eia.gov/petroleum/refinerycapacity/table3.pdf,6500,0,0,0,0,0,0,0,6500,0,2,0,2.0,2213,2604,716,Screening estimate from EIA unit capacities; not refinery-reported product capacity,https://www.eia.gov/petroleum/refinerycapacity/table3.pdf,https://www.eia.gov/petroleum/refinerycapacity/table4.pdf,0.0,None/Very Low,0.0,None/Very Low,0.2,Very Low,0.0,Very Low,0.67,Distillate-oriented,Light-to-medium / moderate sour capable,Simple,"Derived screening metrics from Jan-1-2026 EIA unit capacities. FCC severity is capacity intensity, not operating severity/conversion. Crude-slate capability and product orientation are inferred, not refinery-reported."
PADD 3 - Gulf Coast,Louisiana,Calumet Princeton Refining LLC,Princeton,2026-01-01,8300,8655,7000,0,0,0,0,0,https://www.eia.gov/petroleum/refinerycapacity/table3.pdf,0,0,0,0,9500,0,0,0,9500,0,4,3,4.98,1411,1660,456,Screening estimate from EIA unit capacities; not refinery-reported product capacity,https://www.eia.gov/petroleum/refinerycapacity/table3.pdf,https://www.eia.gov/petroleum/refinerycapacity/table4.pdf,0.0,None/Very Low,0.0,None/Very Low,0.5,Very Low,0.72,Very Low,0.67,Distillate-oriented,Light-to-medium / moderate sour capable,Medium conversion,"Derived screening metrics from Jan-1-2026 EIA unit capacities. FCC severity is capacity intensity, not operating severity/conversion. Crude-slate capability and product orientation are inferred, not refinery-reported."
PADD 3 - Gulf Coast,Louisiana,Calumet Shreveport Refining LLC,Shreveport,2026-01-01,57000,60000,28000,0,0,0,0,12000,https://www.eia.gov/petroleum/refinerycapacity/table3.pdf,16000,0,0,14000,0,0,21100,1200,52300,0,12,40,4.87,16290,14480,3135,Screening estimate from EIA unit capacities; not refinery-reported product capacity,https://www.eia.gov/petroleum/refinerycapacity/table3.pdf,https://www.eia.gov/petroleum/refinerycapacity/table4.pdf,0.0,None/Very Low,0.0,None/Very Low,0.2,Very Low,1.4,Very Low,0.92,Balanced,Light-to-medium / moderate sour capable,Medium conversion,"Derived screening metrics from Jan-1-2026 EIA unit capacities. FCC severity is capacity intensity, not operating severity/conversion. Crude-slate capability and product orientation are inferred, not refinery-reported."
PADD 3 - Gulf Coast,Louisiana,Chalmette Refining LLC,Chalmette,2026-01-01,190000,197000,169000,42000,0,75600,0,52700,https://www.eia.gov/petroleum/refinerycapacity/table3.pdf,42000,46000,0,35000,0,0,65600,0,188600,16800,0,920,10.75,113365,50236,10450,Screening estimate from EIA unit capacities; not refinery-reported product capacity,https://www.eia.gov/petroleum/refinerycapacity/table3.pdf,https://www.eia.gov/petroleum/refinerycapacity/table4.pdf,39.8,High,22.1,Medium,0.0,Very Low,9.68,Medium,1.87,Gasoline-oriented,Heavy sour / high-resid capable,Deep conversion,"Derived screening metrics from Jan-1-2026 EIA unit capacities. FCC severity is capacity intensity, not operating severity/conversion. Crude-slate capability and product orientation are inferred, not refinery-reported."
PADD 3 - Gulf Coast,Louisiana,Citgo Petroleum Corp,Lake Charles,2026-01-01,471200,496000,241000,110000,0,148000,51200,119000,https://www.eia.gov/petroleum/refinerycapacity/table3.pdf,135000,85400,70300,103000,0,0,0,51800,445500,28100,0,717,9.71,252655,143700,61647,Screening estimate from EIA unit capacities; not refinery-reported product capacity,https://www.eia.gov/petroleum/refinerycapacity/table3.pdf,https://www.eia.gov/petroleum/refinerycapacity/table4.pdf,31.4,Medium,23.3,Medium,0.0,Very Low,3.04,Low,1.23,Balanced,Medium-heavy sour capable,Deep conversion,"Derived screening metrics from Jan-1-2026 EIA unit capacities. FCC severity is capacity intensity, not operating severity/conversion. Crude-slate capability and product orientation are inferred, not refinery-reported."
PADD 3 - Gulf Coast,Louisiana,Excel Paralubes,Westlake,2026-01-01,0,0,0,0,0,0,43000,0,https://www.eia.gov/petroleum/refinerycapacity/table3.pdf,0,0,0,0,0,0,0,0,0,0,0,185,0.0,0,0,0,Screening estimate from EIA unit capacities; not refinery-reported product capacity,https://www.eia.gov/petroleum/refinerycapacity/table3.pdf,https://www.eia.gov/petroleum/refinerycapacity/table4.pdf,0.0,None/Very Low,0.0,None/Very Low,0.0,Very Low,0.0,Very Low,0.0,Not meaningful / specialty facility,Primarily light/sweet or specialty feed,Simple,"Derived screening metrics from Jan-1-2026 EIA unit capacities. FCC severity is capacity intensity, not operating severity/conversion. Crude-slate capability and product orientation are inferred, not refinery-reported."
PADD 3 - Gulf Coast,Louisiana,ExxonMobil Refining & Supply Co,Baton Rouge,2026-01-01,523500,545500,262400,127600,0,251100,27900,82700,https://www.eia.gov/petroleum/refinerycapacity/table3.pdf,82700,275200,0,224100,0,0,0,0,582000,44700,0,944,10.53,303047,178833,31024,Screening estimate from EIA unit capacities; not refinery-reported product capacity,https://www.eia.gov/petroleum/refinerycapacity/table3.pdf,https://www.eia.gov/petroleum/refinerycapacity/table4.pdf,48.0,High,24.4,Medium,0.0,Very Low,3.61,Low,1.44,Gasoline-oriented,Medium-heavy sour capable,Deep conversion,"Derived screening metrics from Jan-1-2026 EIA unit capacities. FCC severity is capacity intensity, not operating severity/conversion. Crude-slate capability and product orientation are inferred, not refinery-reported."
PADD 3 - Gulf Coast,Louisiana,Marathon Petroleum Co LP,Garyville,2026-01-01,617000,649000,299000,110500,0,150000,130000,140000,https://www.eia.gov/petroleum/refinerycapacity/table3.pdf,127500,128000,90500,181500,0,0,106000,0,633500,52500,0,1402,9.81,324915,217830,85060,Screening estimate from EIA unit capacities; not refinery-reported product capacity,https://www.eia.gov/petroleum/refinerycapacity/table3.pdf,https://www.eia.gov/petroleum/refinerycapacity/table4.pdf,24.3,Medium,17.9,Medium,0.0,Very Low,4.54,Low,1.07,Balanced,Medium-heavy sour capable,High conversion,"Derived screening metrics from Jan-1-2026 EIA unit capacities. FCC severity is capacity intensity, not operating severity/conversion. Crude-slate capability and product orientation are inferred, not refinery-reported."
PADD 3 - Gulf Coast,Louisiana,Phillips 66 Company,Westlake,2026-01-01,263700,277600,128900,66543,0,50941,0,49086,https://www.eia.gov/petroleum/refinerycapacity/table3.pdf,52813,63820,39416,58371,0,0,50040,19800,284260,9920,0,341,8.11,105729,68638,32241,Screening estimate from EIA unit capacities; not refinery-reported product capacity,https://www.eia.gov/petroleum/refinerycapacity/table3.pdf,https://www.eia.gov/petroleum/refinerycapacity/table4.pdf,19.3,Low,25.2,Medium,0.0,Very Low,2.59,Low,1.05,Balanced,Medium-heavy sour capable,High conversion,"Derived screening metrics from Jan-1-2026 EIA unit capacities. FCC severity is capacity intensity, not operating severity/conversion. Crude-slate capability and product orientation are inferred, not refinery-reported."
PADD 3 - Gulf Coast,Louisiana,Placid Refining Co,Port Allen,2026-01-01,75000,82500,27000,0,0,25000,0,11500,https://www.eia.gov/petroleum/refinerycapacity/table3.pdf,12000,20000,0,25000,0,0,0,0,57000,7500,0,55,7.01,37950,22000,4125,Screening estimate from EIA unit capacities; not refinery-reported product capacity,https://www.eia.gov/petroleum/refinerycapacity/table3.pdf,https://www.eia.gov/petroleum/refinerycapacity/table4.pdf,33.3,Medium,0.0,None/Very Low,0.0,Very Low,1.47,Very Low,1.45,Gasoline-oriented,Light-to-medium / moderate sour capable,Medium conversion,"Derived screening metrics from Jan-1-2026 EIA unit capacities. FCC severity is capacity intensity, not operating severity/conversion. Crude-slate capability and product orientation are inferred, not refinery-reported."
PADD 3 - Gulf Coast,Louisiana,Shell Oil Products US,Norco,2026-01-01,231153,250000,91300,28500,0,118800,44000,40000,https://www.eia.gov/petroleum/refinerycapacity/table3.pdf,42000,77000,0,70000,0,0,0,0,189000,18100,0,209,10.04,143315,84159,16233,Screening estimate from EIA unit capacities; not refinery-reported product capacity,https://www.eia.gov/petroleum/refinerycapacity/table3.pdf,https://www.eia.gov/petroleum/refinerycapacity/table4.pdf,51.4,High,12.3,Low,0.0,Very Low,1.81,Very Low,1.43,Gasoline-oriented,Medium-heavy sour capable,High conversion,"Derived screening metrics from Jan-1-2026 EIA unit capacities. FCC severity is capacity intensity, not operating severity/conversion. Crude-slate capability and product orientation are inferred, not refinery-reported."
PADD 3 - Gulf Coast,Louisiana,Valero Refining - Meraux LLC,Meraux,2026-01-01,125000,135000,56600,0,0,0,48700,32000,https://www.eia.gov/petroleum/refinerycapacity/table3.pdf,40000,0,15000,40000,0,0,0,0,95000,0,0,224,7.04,47616,50845,17521,Screening estimate from EIA unit capacities; not refinery-reported product capacity,https://www.eia.gov/petroleum/refinerycapacity/table3.pdf,https://www.eia.gov/petroleum/refinerycapacity/table4.pdf,0.0,None/Very Low,0.0,None/Very Low,0.0,Very Low,3.58,Low,0.7,Distillate-oriented,Medium-heavy sour capable,High conversion,"Derived screening metrics from Jan-1-2026 EIA unit capacities. FCC severity is capacity intensity, not operating severity/conversion. Crude-slate capability and product orientation are inferred, not refinery-reported."
PADD 3 - Gulf Coast,Louisiana,Valero Refining New Orleans LLC,Norco,2026-01-01,215000,235000,180000,86000,0,100000,113000,25000,https://www.eia.gov/petroleum/refinerycapacity/table3.pdf,45000,60000,0,66000,0,0,24000,0,195000,48000,100,840,15.65,133300,103070,20865,Screening estimate from EIA unit capacities; not refinery-reported product capacity,https://www.eia.gov/petroleum/refinerycapacity/table3.pdf,https://www.eia.gov/petroleum/refinerycapacity/table4.pdf,46.5,High,40.0,High,0.5,Very Low,7.81,Medium,1.08,Balanced,Heavy sour / high-resid capable,Deep conversion,"Derived screening metrics from Jan-1-2026 EIA unit capacities. FCC severity is capacity intensity, not operating severity/conversion. Crude-slate capability and product orientation are inferred, not refinery-reported."
PADD 3 - Gulf Coast,Mississippi,Chevron USA Inc,Pascagoula,2026-01-01,356440,375200,334000,104000,0,88700,121000,101600,https://www.eia.gov/petroleum/refinerycapacity/table3.pdf,62000,0,34000,35500,0,0,104000,50000,285500,22600,229,1264,11.82,201815,126770,44584,Screening estimate from EIA unit capacities; not refinery-reported product capacity,https://www.eia.gov/petroleum/refinerycapacity/table3.pdf,https://www.eia.gov/petroleum/refinerycapacity/table4.pdf,24.9,Medium,29.2,Medium,0.6,Very Low,7.09,Medium,1.18,Balanced,Heavy sour / high-resid capable,Deep conversion,"Derived screening metrics from Jan-1-2026 EIA unit capacities. FCC severity is capacity intensity, not operating severity/conversion. Crude-slate capability and product orientation are inferred, not refinery-reported."
PADD 3 - Gulf Coast,Mississippi,Ergon Refining Inc,Vicksburg,2026-01-01,26500,27300,18000,0,0,0,0,0,https://www.eia.gov/petroleum/refinerycapacity/table3.pdf,0,0,0,2500,0,0,0,20500,23000,0,13,0,4.09,4505,5850,1458,Screening estimate from EIA unit capacities; not refinery-reported product capacity,https://www.eia.gov/petroleum/refinerycapacity/table3.pdf,https://www.eia.gov/petroleum/refinerycapacity/table4.pdf,0.0,None/Very Low,0.0,None/Very Low,0.5,Very Low,0.0,Very Low,0.62,Distillate-oriented,Light-to-medium / moderate sour capable,Medium conversion,"Derived screening metrics from Jan-1-2026 EIA unit capacities. FCC severity is capacity intensity, not operating severity/conversion. Crude-slate capability and product orientation are inferred, not refinery-reported."
PADD 3 - Gulf Coast,Mississippi,Hunt Southland Refining Co,Sandersville,2026-01-01,11000,12500,6875,0,0,0,0,0,https://www.eia.gov/petroleum/refinerycapacity/table3.pdf,0,0,0,0,0,0,0,0,0,0,0,0,2.25,1870,2200,605,Screening estimate from EIA unit capacities; not refinery-reported product capacity,https://www.eia.gov/petroleum/refinerycapacity/table3.pdf,https://www.eia.gov/petroleum/refinerycapacity/table4.pdf,0.0,None/Very Low,0.0,None/Very Low,0.0,Very Low,0.0,Very Low,0.67,Distillate-oriented,Primarily light/sweet or specialty feed,Medium conversion,"Derived screening metrics from Jan-1-2026 EIA unit capacities. FCC severity is capacity intensity, not operating severity/conversion. Crude-slate capability and product orientation are inferred, not refinery-reported."
PADD 3 - Gulf Coast,New Mexico,HF Sinclair Navajo Refining LLC,Artesia,2026-01-01,110000,124000,34300,0,0,30000,18000,24000,https://www.eia.gov/petroleum/refinerycapacity/table3.pdf,42000,0,15000,43000,0,0,18000,0,118000,9500,38,224,8.34,58215,39560,14240,Screening estimate from EIA unit capacities; not refinery-reported product capacity,https://www.eia.gov/petroleum/refinerycapacity/table3.pdf,https://www.eia.gov/petroleum/refinerycapacity/table4.pdf,27.3,Medium,0.0,None/Very Low,0.3,Very Low,4.07,Low,1.08,Balanced,Medium-heavy sour capable,High conversion,"Derived screening metrics from Jan-1-2026 EIA unit capacities. FCC severity is capacity intensity, not operating severity/conversion. Crude-slate capability and product orientation are inferred, not refinery-reported."
PADD 3 - Gulf Coast,Texas,Alon USA Energy Inc,Big Spring,2026-01-01,73000,74000,28000,0,0,23500,0,21500,https://www.eia.gov/petroleum/refinerycapacity/table3.pdf,25500,0,5000,24000,0,0,6300,0,60800,5000,0,100,7.52,40235,21290,6265,Screening estimate from EIA unit capacities; not refinery-reported product capacity,https://www.eia.gov/petroleum/refinerycapacity/table3.pdf,https://www.eia.gov/petroleum/refinerycapacity/table4.pdf,32.2,Medium,0.0,None/Very Low,0.0,Very Low,2.74,Low,1.46,Gasoline-oriented,Light-to-medium / moderate sour capable,Medium conversion,"Derived screening metrics from Jan-1-2026 EIA unit capacities. FCC severity is capacity intensity, not operating severity/conversion. Crude-slate capability and product orientation are inferred, not refinery-reported."
PADD 3 - Gulf Coast,Texas,Buckeye Texas Processing LLC,Corpus Christi,2026-01-01,60000,62500,0,0,0,0,0,0,https://www.eia.gov/petroleum/refinerycapacity/table3.pdf,0,0,0,0,0,0,0,0,0,0,0,0,1.0,10200,12000,3300,Screening estimate from EIA unit capacities; not refinery-reported product capacity,https://www.eia.gov/petroleum/refinerycapacity/table3.pdf,https://www.eia.gov/petroleum/refinerycapacity/table4.pdf,0.0,None/Very Low,0.0,None/Very Low,0.0,Very Low,0.0,Very Low,0.67,Distillate-oriented,Primarily light/sweet or specialty feed,Simple,"Derived screening metrics from Jan-1-2026 EIA unit capacities. FCC severity is capacity intensity, not operating severity/conversion. Crude-slate capability and product orientation are inferred, not refinery-reported."
PADD 3 - Gulf Coast,Texas,Citgo Refining & Chemical Inc,Corpus Christi,2026-01-01,165000,175500,85300,45100,0,70700,0,51500,https://www.eia.gov/petroleum/refinerycapacity/table3.pdf,52800,47080,0,102267,0,0,70900,0,273047,24878,0,366,12.62,102300,59741,9075,Screening estimate from EIA unit capacities; not refinery-reported product capacity,https://www.eia.gov/petroleum/refinerycapacity/table3.pdf,https://www.eia.gov/petroleum/refinerycapacity/table4.pdf,42.8,High,27.3,Medium,0.0,Very Low,4.44,Low,1.49,Gasoline-oriented,Medium-heavy sour capable,Deep conversion,"Derived screening metrics from Jan-1-2026 EIA unit capacities. FCC severity is capacity intensity, not operating severity/conversion. Crude-slate capability and product orientation are inferred, not refinery-reported."
PADD 3 - Gulf Coast,Texas,Deer Park Refining LP,Deer Park,2026-01-01,312500,340000,180000,96000,0,75100,60000,68500,https://www.eia.gov/petroleum/refinerycapacity/table3.pdf,80000,46600,40000,50000,0,0,45000,63000,324600,21000,0,1220,10.43,157000,99006,39988,Screening estimate from EIA unit capacities; not refinery-reported product capacity,https://www.eia.gov/petroleum/refinerycapacity/table3.pdf,https://www.eia.gov/petroleum/refinerycapacity/table4.pdf,24.0,Medium,30.7,High,0.0,Very Low,7.81,Medium,1.13,Balanced,Heavy sour / high-resid capable,Deep conversion,"Derived screening metrics from Jan-1-2026 EIA unit capacities. FCC severity is capacity intensity, not operating severity/conversion. Crude-slate capability and product orientation are inferred, not refinery-reported."
PADD 3 - Gulf Coast,Texas,Delek Refining LTD,Tyler,2026-01-01,74000,77500,28000,7500,0,20250,0,17500,https://www.eia.gov/petroleum/refinerycapacity/table3.pdf,28000,13000,0,36000,0,0,0,0,77000,4720,0,39,7.91,36342,23935,4070,Screening estimate from EIA unit capacities; not refinery-reported product capacity,https://www.eia.gov/petroleum/refinerycapacity/table3.pdf,https://www.eia.gov/petroleum/refinerycapacity/table4.pdf,27.4,Medium,10.1,Low,0.0,Very Low,1.05,Very Low,1.3,Gasoline-oriented,Medium-heavy sour capable,High conversion,"Derived screening metrics from Jan-1-2026 EIA unit capacities. FCC severity is capacity intensity, not operating severity/conversion. Crude-slate capability and product orientation are inferred, not refinery-reported."
PADD 3 - Gulf Coast,Texas,Diamond Shamrock Refining Co LP,Sunray,2026-01-01,195000,204000,50000,0,0,56000,27000,47500,https://www.eia.gov/petroleum/refinerycapacity/table3.pdf,44400,39600,0,48000,0,0,0,0,132000,9800,30,75,7.14,100465,62370,12885,Screening estimate from EIA unit capacities; not refinery-reported product capacity,https://www.eia.gov/petroleum/refinerycapacity/table3.pdf,https://www.eia.gov/petroleum/refinerycapacity/table4.pdf,28.7,Medium,0.0,None/Very Low,0.2,Very Low,0.77,Very Low,1.33,Gasoline-oriented,Light-to-medium / moderate sour capable,High conversion,"Derived screening metrics from Jan-1-2026 EIA unit capacities. FCC severity is capacity intensity, not operating severity/conversion. Crude-slate capability and product orientation are inferred, not refinery-reported."
PADD 3 - Gulf Coast,Texas,Diamond Shamrock Refining Co LP,Three Rivers,2026-01-01,89000,100000,33500,0,0,23840,28000,33500,https://www.eia.gov/petroleum/refinerycapacity/table3.pdf,34600,0,0,28000,0,0,20000,0,82600,7100,0,200,9.78,55180,35190,7135,Screening estimate from EIA unit capacities; not refinery-reported product capacity,https://www.eia.gov/petroleum/refinerycapacity/table3.pdf,https://www.eia.gov/petroleum/refinerycapacity/table4.pdf,26.8,Medium,0.0,None/Very Low,0.0,Very Low,4.49,Low,1.3,Gasoline-oriented,Medium-heavy sour capable,High conversion,"Derived screening metrics from Jan-1-2026 EIA unit capacities. FCC severity is capacity intensity, not operating severity/conversion. Crude-slate capability and product orientation are inferred, not refinery-reported."
PADD 3 - Gulf Coast,Texas,Enterprise Prod Texas Operating LLC,Mont Belvieu,2026-01-01,0,0,0,0,0,0,0,0,https://www.eia.gov/petroleum/refinerycapacity/table3.pdf,0,0,0,0,0,0,0,65000,65000,0,0,0,0.0,0,0,0,Screening estimate from EIA unit capacities; not refinery-reported product capacity,https://www.eia.gov/petroleum/refinerycapacity/table3.pdf,https://www.eia.gov/petroleum/refinerycapacity/table4.pdf,0.0,None/Very Low,0.0,None/Very Low,0.0,Very Low,0.0,Very Low,0.0,Not meaningful / specialty facility,Primarily light/sweet or specialty feed,Simple,"Derived screening metrics from Jan-1-2026 EIA unit capacities. FCC severity is capacity intensity, not operating severity/conversion. Crude-slate capability and product orientation are inferred, not refinery-reported."
PADD 3 - Gulf Coast,Texas,Equistar Chemicals LP,Channelview,2026-01-01,0,0,0,0,0,0,0,0,https://www.eia.gov/petroleum/refinerycapacity/table3.pdf,0,0,0,0,0,0,0,0,0,22370,0,0,0.0,0,0,0,Screening estimate from EIA unit capacities; not refinery-reported product capacity,https://www.eia.gov/petroleum/refinerycapacity/table3.pdf,https://www.eia.gov/petroleum/refinerycapacity/table4.pdf,0.0,None/Very Low,0.0,None/Very Low,0.0,Very Low,0.0,Very Low,0.0,Not meaningful / specialty facility,Primarily light/sweet or specialty feed,Simple,"Derived screening metrics from Jan-1-2026 EIA unit capacities. FCC severity is capacity intensity, not operating severity/conversion. Crude-slate capability and product orientation are inferred, not refinery-reported."
PADD 3 - Gulf Coast,Texas,ExxonMobil Refining & Supply Co,Baytown,2026-01-01,564500,588000,297000,54000,42000,220000,30600,126500,https://www.eia.gov/petroleum/refinerycapacity/table3.pdf,158000,213600,134400,160000,0,0,114000,50100,830100,42600,0,1828,10.55,317258,172010,93976,Screening estimate from EIA unit capacities; not refinery-reported product capacity,https://www.eia.gov/petroleum/refinerycapacity/table3.pdf,https://www.eia.gov/petroleum/refinerycapacity/table4.pdf,39.0,High,17.0,Medium,0.0,Very Low,6.48,Medium,1.19,Balanced,Medium-heavy sour capable,High conversion,"Derived screening metrics from Jan-1-2026 EIA unit capacities. FCC severity is capacity intensity, not operating severity/conversion. Crude-slate capability and product orientation are inferred, not refinery-reported."
PADD 3 - Gulf Coast,Texas,ExxonMobil Refining & Supply Co,Beaumont,2026-01-01,612000,637400,180000,47000,0,115000,70000,146000,https://www.eia.gov/petroleum/refinerycapacity/table3.pdf,173700,69700,121000,97000,0,0,0,23300,484700,16300,0,661,6.91,268295,175140,93710,Screening estimate from EIA unit capacities; not refinery-reported product capacity,https://www.eia.gov/petroleum/refinerycapacity/table3.pdf,https://www.eia.gov/petroleum/refinerycapacity/table4.pdf,18.8,Low,7.7,Low,0.0,Very Low,2.16,Low,1.0,Balanced,Light-to-medium / moderate sour capable,High conversion,"Derived screening metrics from Jan-1-2026 EIA unit capacities. FCC severity is capacity intensity, not operating severity/conversion. Crude-slate capability and product orientation are inferred, not refinery-reported."
PADD 3 - Gulf Coast,Texas,Flint Hills Resources LP,Corpus Christi East,2026-01-01,87500,90000,0,0,0,50000,0,0,https://www.eia.gov/petroleum/refinerycapacity/table3.pdf,33000,0,0,0,0,0,0,0,33000,0,0,67,5.18,39875,20500,4812,Screening estimate from EIA unit capacities; not refinery-reported product capacity,https://www.eia.gov/petroleum/refinerycapacity/table3.pdf,https://www.eia.gov/petroleum/refinerycapacity/table4.pdf,57.1,High,0.0,None/Very Low,0.0,Very Low,1.53,Very Low,1.58,Gasoline-oriented,Light-to-medium / moderate sour capable,High conversion,"Derived screening metrics from Jan-1-2026 EIA unit capacities. FCC severity is capacity intensity, not operating severity/conversion. Crude-slate capability and product orientation are inferred, not refinery-reported."
PADD 3 - Gulf Coast,Texas,Flint Hills Resources LP,Corpus Christi West,2026-01-01,290000,300000,87500,0,0,58100,15500,0,https://www.eia.gov/petroleum/refinerycapacity/table3.pdf,60000,72000,32000,92000,0,0,0,0,256000,15500,0,160,5.43,94315,87151,31590,Screening estimate from EIA unit capacities; not refinery-reported product capacity,https://www.eia.gov/petroleum/refinerycapacity/table3.pdf,https://www.eia.gov/petroleum/refinerycapacity/table4.pdf,20.0,Low,0.0,None/Very Low,0.0,Very Low,1.1,Very Low,0.79,Distillate-oriented,Light-to-medium / moderate sour capable,Medium conversion,"Derived screening metrics from Jan-1-2026 EIA unit capacities. FCC severity is capacity intensity, not operating severity/conversion. Crude-slate capability and product orientation are inferred, not refinery-reported."
PADD 3 - Gulf Coast,Texas,Hartree Refining LLC,Channelview,2026-01-01,45000,50000,0,0,0,0,0,0,https://www.eia.gov/petroleum/refinerycapacity/table3.pdf,0,0,0,0,0,0,0,0,0,0,0,0,1.0,7650,9000,2475,Screening estimate from EIA unit capacities; not refinery-reported product capacity,https://www.eia.gov/petroleum/refinerycapacity/table3.pdf,https://www.eia.gov/petroleum/refinerycapacity/table4.pdf,0.0,None/Very Low,0.0,None/Very Low,0.0,Very Low,0.0,Very Low,0.67,Distillate-oriented,Primarily light/sweet or specialty feed,Simple,"Derived screening metrics from Jan-1-2026 EIA unit capacities. FCC severity is capacity intensity, not operating severity/conversion. Crude-slate capability and product orientation are inferred, not refinery-reported."
PADD 3 - Gulf Coast,Texas,Kinder Morgan Crude & Condensate,Galena Park,2026-01-01,105000,121000,0,0,0,0,0,0,https://www.eia.gov/petroleum/refinerycapacity/table3.pdf,0,0,0,0,0,0,0,0,0,0,0,0,1.0,17850,21000,5775,Screening estimate from EIA unit capacities; not refinery-reported product capacity,https://www.eia.gov/petroleum/refinerycapacity/table3.pdf,https://www.eia.gov/petroleum/refinerycapacity/table4.pdf,0.0,None/Very Low,0.0,None/Very Low,0.0,Very Low,0.0,Very Low,0.67,Distillate-oriented,Primarily light/sweet or specialty feed,Simple,"Derived screening metrics from Jan-1-2026 EIA unit capacities. FCC severity is capacity intensity, not operating severity/conversion. Crude-slate capability and product orientation are inferred, not refinery-reported."
PADD 3 - Gulf Coast,Texas,Lazarus Energy LLC,Nixon,2026-01-01,14000,15000,0,0,0,0,0,0,https://www.eia.gov/petroleum/refinerycapacity/table3.pdf,0,0,0,0,0,0,0,0,0,0,0,0,1.0,2380,2800,770,Screening estimate from EIA unit capacities; not refinery-reported product capacity,https://www.eia.gov/petroleum/refinerycapacity/table3.pdf,https://www.eia.gov/petroleum/refinerycapacity/table4.pdf,0.0,None/Very Low,0.0,None/Very Low,0.0,Very Low,0.0,Very Low,0.67,Distillate-oriented,Primarily light/sweet or specialty feed,Simple,"Derived screening metrics from Jan-1-2026 EIA unit capacities. FCC severity is capacity intensity, not operating severity/conversion. Crude-slate capability and product orientation are inferred, not refinery-reported."
PADD 3 - Gulf Coast,Texas,Magellan Processing LP,Corpus Christi,2026-01-01,50000,55000,0,0,0,0,0,0,https://www.eia.gov/petroleum/refinerycapacity/table3.pdf,0,0,0,0,0,0,0,0,0,0,0,0,1.0,8500,10000,2750,Screening estimate from EIA unit capacities; not refinery-reported product capacity,https://www.eia.gov/petroleum/refinerycapacity/table3.pdf,https://www.eia.gov/petroleum/refinerycapacity/table4.pdf,0.0,None/Very Low,0.0,None/Very Low,0.0,Very Low,0.0,Very Low,0.67,Distillate-oriented,Primarily light/sweet or specialty feed,Simple,"Derived screening metrics from Jan-1-2026 EIA unit capacities. FCC severity is capacity intensity, not operating severity/conversion. Crude-slate capability and product orientation are inferred, not refinery-reported."
PADD 3 - Gulf Coast,Texas,Marathon Petroleum Co LP,Galveston Bay,2026-01-01,631000,665000,259500,32500,0,219500,166500,147000,https://www.eia.gov/petroleum/refinerycapacity/table3.pdf,131500,57000,76000,60500,0,0,108500,0,433500,67000,0,1332,9.4,384790,210955,82225,Screening estimate from EIA unit capacities; not refinery-reported product capacity,https://www.eia.gov/petroleum/refinerycapacity/table3.pdf,https://www.eia.gov/petroleum/refinerycapacity/table4.pdf,34.8,Medium,5.2,Low,0.0,Very Low,4.22,Low,1.31,Gasoline-oriented,Medium-heavy sour capable,High conversion,"Derived screening metrics from Jan-1-2026 EIA unit capacities. FCC severity is capacity intensity, not operating severity/conversion. Crude-slate capability and product orientation are inferred, not refinery-reported."
PADD 3 - Gulf Coast,Texas,Motiva Enterprises LLC,Port Arthur,2026-01-01,656400,678000,336600,178000,0,92600,119500,134500,https://www.eia.gov/petroleum/refinerycapacity/table3.pdf,186500,55000,79000,189800,0,0,65000,24000,599300,23000,0,3203,8.79,272923,220417,81212,Screening estimate from EIA unit capacities; not refinery-reported product capacity,https://www.eia.gov/petroleum/refinerycapacity/table3.pdf,https://www.eia.gov/petroleum/refinerycapacity/table4.pdf,14.1,Low,27.1,Medium,0.0,Very Low,9.76,Medium,0.9,Balanced,Heavy sour / high-resid capable,Deep conversion,"Derived screening metrics from Jan-1-2026 EIA unit capacities. FCC severity is capacity intensity, not operating severity/conversion. Crude-slate capability and product orientation are inferred, not refinery-reported."
PADD 3 - Gulf Coast,Texas,Pasadena Performance Products LLC,Pasadena,2026-01-01,0,0,0,0,0,0,0,0,https://www.eia.gov/petroleum/refinerycapacity/table3.pdf,0,0,0,0,0,0,0,0,0,43000,0,0,0.0,0,0,0,Screening estimate from EIA unit capacities; not refinery-reported product capacity,https://www.eia.gov/petroleum/refinerycapacity/table3.pdf,https://www.eia.gov/petroleum/refinerycapacity/table4.pdf,0.0,None/Very Low,0.0,None/Very Low,0.0,Very Low,0.0,Very Low,0.0,Not meaningful / specialty facility,Primarily light/sweet or specialty feed,Simple,"Derived screening metrics from Jan-1-2026 EIA unit capacities. FCC severity is capacity intensity, not operating severity/conversion. Crude-slate capability and product orientation are inferred, not refinery-reported."
PADD 3 - Gulf Coast,Texas,Pasadena Refining Systems Inc,Pasadena,2026-01-01,118750,125000,38000,0,0,0,0,26000,https://www.eia.gov/petroleum/refinerycapacity/table3.pdf,26000,0,12400,0,0,0,0,0,38400,0,0,0,3.38,34488,23750,12111,Screening estimate from EIA unit capacities; not refinery-reported product capacity,https://www.eia.gov/petroleum/refinerycapacity/table3.pdf,https://www.eia.gov/petroleum/refinerycapacity/table4.pdf,0.0,None/Very Low,0.0,None/Very Low,0.0,Very Low,0.0,Very Low,0.96,Balanced,Light-to-medium / moderate sour capable,Medium conversion,"Derived screening metrics from Jan-1-2026 EIA unit capacities. FCC severity is capacity intensity, not operating severity/conversion. Crude-slate capability and product orientation are inferred, not refinery-reported."
PADD 3 - Gulf Coast,Texas,Petromax Refining Co LLC,Houston,2026-01-01,25000,27500,0,0,0,0,0,0,https://www.eia.gov/petroleum/refinerycapacity/table3.pdf,0,0,0,0,0,0,0,0,0,0,0,0,1.0,4250,5000,1375,Screening estimate from EIA unit capacities; not refinery-reported product capacity,https://www.eia.gov/petroleum/refinerycapacity/table3.pdf,https://www.eia.gov/petroleum/refinerycapacity/table4.pdf,0.0,None/Very Low,0.0,None/Very Low,0.0,Very Low,0.0,Very Low,0.67,Distillate-oriented,Primarily light/sweet or specialty feed,Simple,"Derived screening metrics from Jan-1-2026 EIA unit capacities. FCC severity is capacity intensity, not operating severity/conversion. Crude-slate capability and product orientation are inferred, not refinery-reported."
PADD 3 - Gulf Coast,Texas,Phillips 66 Company,Sweeny,2026-01-01,277000,291700,132066,78732,0,116005,0,46176,https://www.eia.gov/petroleum/refinerycapacity/table3.pdf,70590,60000,0,138076,0,0,107751,16000,392417,27304,0,842,10.82,153698,92737,15235,Screening estimate from EIA unit capacities; not refinery-reported product capacity,https://www.eia.gov/petroleum/refinerycapacity/table3.pdf,https://www.eia.gov/petroleum/refinerycapacity/table4.pdf,41.9,High,28.4,Medium,0.0,Very Low,6.08,Medium,1.42,Gasoline-oriented,Heavy sour / high-resid capable,Deep conversion,"Derived screening metrics from Jan-1-2026 EIA unit capacities. FCC severity is capacity intensity, not operating severity/conversion. Crude-slate capability and product orientation are inferred, not refinery-reported."
PADD 3 - Gulf Coast,Texas,Premcor Refining Group Inc,Port Arthur,2026-01-01,385000,424000,220000,161000,0,75000,134800,58000,https://www.eia.gov/petroleum/refinerycapacity/table3.pdf,58000,90000,33000,104600,0,0,60000,0,345600,20000,0,2178,10.99,176114,151692,46809,Screening estimate from EIA unit capacities; not refinery-reported product capacity,https://www.eia.gov/petroleum/refinerycapacity/table3.pdf,https://www.eia.gov/petroleum/refinerycapacity/table4.pdf,19.5,Low,41.8,High,0.0,Very Low,11.31,High,0.89,Balanced,Heavy sour / high-resid capable,Deep conversion,"Derived screening metrics from Jan-1-2026 EIA unit capacities. FCC severity is capacity intensity, not operating severity/conversion. Crude-slate capability and product orientation are inferred, not refinery-reported."
PADD 3 - Gulf Coast,Texas,Targa Downstream LLC,Mont Belvieu,2026-01-01,0,0,0,0,0,0,0,0,https://www.eia.gov/petroleum/refinerycapacity/table3.pdf,0,0,0,0,0,0,0,35000,35000,0,0,0,0.0,0,0,0,Screening estimate from EIA unit capacities; not refinery-reported product capacity,https://www.eia.gov/petroleum/refinerycapacity/table3.pdf,https://www.eia.gov/petroleum/refinerycapacity/table4.pdf,0.0,None/Very Low,0.0,None/Very Low,0.0,Very Low,0.0,Very Low,0.0,Not meaningful / specialty facility,Primarily light/sweet or specialty feed,Simple,"Derived screening metrics from Jan-1-2026 EIA unit capacities. FCC severity is capacity intensity, not operating severity/conversion. Crude-slate capability and product orientation are inferred, not refinery-reported."
PADD 3 - Gulf Coast,Texas,Texas International Terminals,Galveston,2026-01-01,45000,50000,0,0,0,0,0,0,https://www.eia.gov/petroleum/refinerycapacity/table3.pdf,0,0,0,0,0,0,0,0,0,0,0,0,1.0,7650,9000,2475,Screening estimate from EIA unit capacities; not refinery-reported product capacity,https://www.eia.gov/petroleum/refinerycapacity/table3.pdf,https://www.eia.gov/petroleum/refinerycapacity/table4.pdf,0.0,None/Very Low,0.0,None/Very Low,0.0,Very Low,0.0,Very Low,0.67,Distillate-oriented,Primarily light/sweet or specialty feed,Simple,"Derived screening metrics from Jan-1-2026 EIA unit capacities. FCC severity is capacity intensity, not operating severity/conversion. Crude-slate capability and product orientation are inferred, not refinery-reported."
PADD 3 - Gulf Coast,Texas,The San Antonio Refinery LLC,San Antonio,2026-01-01,20000,21000,0,0,0,0,0,6000,https://www.eia.gov/petroleum/refinerycapacity/table3.pdf,7500,0,0,8500,0,0,0,0,16000,0,0,0,4.1,6700,5870,1100,Screening estimate from EIA unit capacities; not refinery-reported product capacity,https://www.eia.gov/petroleum/refinerycapacity/table3.pdf,https://www.eia.gov/petroleum/refinerycapacity/table4.pdf,0.0,None/Very Low,0.0,None/Very Low,0.0,Very Low,0.0,Very Low,0.96,Balanced,Light-to-medium / moderate sour capable,Simple,"Derived screening metrics from Jan-1-2026 EIA unit capacities. FCC severity is capacity intensity, not operating severity/conversion. Crude-slate capability and product orientation are inferred, not refinery-reported."
PADD 3 - Gulf Coast,Texas,TotalEnergies Petrochem & Refg USA,Port Arthur,2026-01-01,238000,245000,117000,60000,0,80000,0,43000,https://www.eia.gov/petroleum/refinerycapacity/table3.pdf,57500,51600,31000,80000,0,0,54400,0,274500,7500,0,806,9.04,110485,70000,27040,Screening estimate from EIA unit capacities; not refinery-reported product capacity,https://www.eia.gov/petroleum/refinerycapacity/table3.pdf,https://www.eia.gov/petroleum/refinerycapacity/table4.pdf,33.6,Medium,25.2,Medium,0.0,Very Low,6.77,Medium,1.14,Balanced,Heavy sour / high-resid capable,Deep conversion,"Derived screening metrics from Jan-1-2026 EIA unit capacities. FCC severity is capacity intensity, not operating severity/conversion. Crude-slate capability and product orientation are inferred, not refinery-reported."
PADD 3 - Gulf Coast,Texas,Trecora Hydrocarbons LLC,Silsbee,2026-01-01,0,0,0,0,0,0,0,5200,https://www.eia.gov/petroleum/refinerycapacity/table3.pdf,11000,0,0,0,0,0,0,4000,15000,0,0,0,0.0,0,0,0,Screening estimate from EIA unit capacities; not refinery-reported product capacity,https://www.eia.gov/petroleum/refinerycapacity/table3.pdf,https://www.eia.gov/petroleum/refinerycapacity/table4.pdf,0.0,None/Very Low,0.0,None/Very Low,0.0,Very Low,0.0,Very Low,0.0,Not meaningful / specialty facility,Primarily light/sweet or specialty feed,Simple,"Derived screening metrics from Jan-1-2026 EIA unit capacities. FCC severity is capacity intensity, not operating severity/conversion. Crude-slate capability and product orientation are inferred, not refinery-reported."
PADD 3 - Gulf Coast,Texas,Valero Refining Co Texas LP,Corpus Christi,2026-01-01,290000,301000,91000,19000,0,95500,51000,50000,https://www.eia.gov/petroleum/refinerycapacity/table3.pdf,57000,54500,10000,72000,0,75000,25000,0,293500,24500,160,1142,8.78,154555,97420,24530,Screening estimate from EIA unit capacities; not refinery-reported product capacity,https://www.eia.gov/petroleum/refinerycapacity/table3.pdf,https://www.eia.gov/petroleum/refinerycapacity/table4.pdf,32.9,Medium,6.6,Low,0.6,Very Low,7.88,Medium,1.27,Gasoline-oriented,Medium-heavy sour capable,High conversion,"Derived screening metrics from Jan-1-2026 EIA unit capacities. FCC severity is capacity intensity, not operating severity/conversion. Crude-slate capability and product orientation are inferred, not refinery-reported."
PADD 3 - Gulf Coast,Texas,Valero Refining Co Texas LP,Houston,2026-01-01,205000,218700,38000,0,0,75200,75000,0,https://www.eia.gov/petroleum/refinerycapacity/table3.pdf,9000,38240,18000,0,0,0,0,0,65240,28875,0,336,7.81,110494,71762,25375,Screening estimate from EIA unit capacities; not refinery-reported product capacity,https://www.eia.gov/petroleum/refinerycapacity/table3.pdf,https://www.eia.gov/petroleum/refinerycapacity/table4.pdf,36.7,High,0.0,None/Very Low,0.0,Very Low,3.28,Low,1.14,Balanced,Light-to-medium / moderate sour capable,High conversion,"Derived screening metrics from Jan-1-2026 EIA unit capacities. FCC severity is capacity intensity, not operating severity/conversion. Crude-slate capability and product orientation are inferred, not refinery-reported."
PADD 3 - Gulf Coast,Texas,Valero Refining Co Texas LP,Texas City,2026-01-01,225000,227400,133500,53500,0,86000,0,18100,https://www.eia.gov/petroleum/refinerycapacity/table3.pdf,25000,61500,28000,55000,0,0,110000,6500,286000,14700,0,680,9.5,103700,62260,24975,Screening estimate from EIA unit capacities; not refinery-reported product capacity,https://www.eia.gov/petroleum/refinerycapacity/table3.pdf,https://www.eia.gov/petroleum/refinerycapacity/table4.pdf,38.2,High,23.8,Medium,0.0,Very Low,6.04,Medium,1.19,Balanced,Heavy sour / high-resid capable,Deep conversion,"Derived screening metrics from Jan-1-2026 EIA unit capacities. FCC severity is capacity intensity, not operating severity/conversion. Crude-slate capability and product orientation are inferred, not refinery-reported."
PADD 3 - Gulf Coast,Texas,Western Refining Company LP,El Paso,2026-01-01,133000,140000,55500,0,0,35000,0,31000,https://www.eia.gov/petroleum/refinerycapacity/table3.pdf,34000,38500,9500,50500,0,0,0,0,132500,14000,10,0,7.62,69060,39810,11590,Screening estimate from EIA unit capacities; not refinery-reported product capacity,https://www.eia.gov/petroleum/refinerycapacity/table3.pdf,https://www.eia.gov/petroleum/refinerycapacity/table4.pdf,26.3,Medium,0.0,None/Very Low,0.1,Very Low,0.0,Very Low,1.34,Gasoline-oriented,Light-to-medium / moderate sour capable,Medium conversion,"Derived screening metrics from Jan-1-2026 EIA unit capacities. FCC severity is capacity intensity, not operating severity/conversion. Crude-slate capability and product orientation are inferred, not refinery-reported."
PADD 3 - Gulf Coast,Texas,WRB Refining LP,Borger,2026-01-01,149000,165542,160671,28380,0,60975,0,31648,https://www.eia.gov/petroleum/refinerycapacity/table3.pdf,69012,0,15173,28646,0,0,78334,0,191165,14591,80,411,11.36,85626,39761,15023,Screening estimate from EIA unit capacities; not refinery-reported product capacity,https://www.eia.gov/petroleum/refinerycapacity/table3.pdf,https://www.eia.gov/petroleum/refinerycapacity/table4.pdf,40.9,High,19.0,Medium,0.5,Very Low,5.52,Medium,1.56,Gasoline-oriented,Medium-heavy sour capable,Deep conversion,"Derived screening metrics from Jan-1-2026 EIA unit capacities. FCC severity is capacity intensity, not operating severity/conversion. Crude-slate capability and product orientation are inferred, not refinery-reported."
